INSERT IGNORE INTO users (username, email, password, referred_by_user_id) VALUES
('joao_silva',       'joao.silva@email.com',       '{noop}senha123', NULL),
('maria_souza',      'maria.souza@email.com',       '{noop}senha123', NULL),
('pedro_oliveira',   'pedro.oliveira@email.com',    '{noop}senha123', NULL),
('ana_costa',        'ana.costa@email.com',         '{noop}senha123', NULL),
('lucas_ferreira',   'lucas.ferreira@email.com',    '{noop}senha123', NULL),
('julia_santos',     'julia.santos@email.com',      '{noop}senha123', NULL),
('carlos_pereira',   'carlos.pereira@email.com',    '{noop}senha123', NULL),
('fernanda_lima',    'fernanda.lima@email.com',      '{noop}senha123', NULL),
('rafael_alves',     'rafael.alves@email.com',      '{noop}senha123', NULL),
('beatriz_rocha',    'beatriz.rocha@email.com',     '{noop}senha123', NULL),
('thiago_mendes',    'thiago.mendes@email.com',     '{noop}senha123', NULL),
('camila_barbosa',   'camila.barbosa@email.com',    '{noop}senha123', NULL),
('gabriel_cardoso',  'gabriel.cardoso@email.com',   '{noop}senha123', NULL),
('leticia_araujo',   'leticia.araujo@email.com',    '{noop}senha123', NULL),
('matheus_gomes',    'matheus.gomes@email.com',     '{noop}senha123', NULL),
('larissa_martins',  'larissa.martins@email.com',   '{noop}senha123', NULL),
('rodrigo_ribeiro',  'rodrigo.ribeiro@email.com',   '{noop}senha123', NULL),
('amanda_carvalho',  'amanda.carvalho@email.com',   '{noop}senha123', NULL),
('felipe_dias',      'felipe.dias@email.com',       '{noop}senha123', NULL),
('natalia_moreira',  'natalia.moreira@email.com',   '{noop}senha123', NULL),
('gustavo_nunes',    'gustavo.nunes@email.com',     '{noop}senha123', NULL),
('vanessa_pinto',    'vanessa.pinto@email.com',     '{noop}senha123', NULL),
('henrique_teixeira','henrique.teixeira@email.com', '{noop}senha123', NULL),
('patricia_azevedo', 'patricia.azevedo@email.com',  '{noop}senha123', NULL),
('bruno_nascimento', 'bruno.nascimento@email.com',  '{noop}senha123', NULL),
('tatiane_cunha',    'tatiane.cunha@email.com',     '{noop}senha123', NULL),
('leandro_monteiro', 'leandro.monteiro@email.com',  '{noop}senha123', NULL),
('priscila_campos',  'priscila.campos@email.com',   '{noop}senha123', NULL),
('vinicius_freitas', 'vinicius.freitas@email.com',  '{noop}senha123', NULL),
('sabrina_correia',  'sabrina.correia@email.com',   '{noop}senha123', NULL),
('loja_cards_sp',    'contato@locardsp.com',        '{noop}senha123', NULL),
('tcg_nordeste',     'contato@tcgnordeste.com',     '{noop}senha123', NULL),
('carta_mania',      'contato@cartamania.com',      '{noop}senha123', NULL),
('deck_master',      'contato@deckmaster.com',      '{noop}senha123', NULL),
('one_piece_store',  'contato@onepiecestore.com',   '{noop}senha123', NULL),
('anime_cards_rj',   'contato@animecards.com',      '{noop}senha123', NULL),
('tcg_sul',          'contato@tcgsul.com',          '{noop}senha123', NULL),
('card_universe',    'contato@carduniverse.com',    '{noop}senha123', NULL),
('loja_tcg_bh',      'contato@lojtcgbh.com',        '{noop}senha123', NULL),
('cards_online',     'contato@cardsonline.com',     '{noop}senha123', NULL),
('tcg_prime',        'contato@tcgprime.com',        '{noop}senha123', NULL),
('anime_shop_br',    'contato@animeshopbr.com',     '{noop}senha123', NULL),
('deck_house',       'contato@deckhouse.com',       '{noop}senha123', NULL),
('card_kingdom_br',  'contato@cardkingdom.com',     '{noop}senha123', NULL),
('tcg_outlet',       'contato@tcgoutlet.com',       '{noop}senha123', NULL),
('loja_op_brasil',   'contato@lojaopbrasil.com',    '{noop}senha123', NULL),
('cards_geek',       'contato@cardsgeek.com',       '{noop}senha123', NULL),
('tcg_arena',        'contato@tcgarena.com',        '{noop}senha123', NULL),
('booster_shop',     'contato@boostershop.com',     '{noop}senha123', NULL),
('card_collector',   'contato@cardcollector.com',   '{noop}senha123', NULL),
('tcg_express',      'contato@tcgexpress.com',      '{noop}senha123', NULL),
('anime_tcg_store',  'contato@animetcg.com',        '{noop}senha123', NULL),
('card_bazaar',      'contato@cardbazaar.com',      '{noop}senha123', NULL),
('tcg_legends',      'contato@tcglegends.com',      '{noop}senha123', NULL),
('loja_booster_br',  'contato@lojabooster.com',     '{noop}senha123', NULL),
('card_hub_sp',      'contato@cardhubsp.com',       '{noop}senha123', NULL),
('tcg_market',       'contato@tcgmarket.com',       '{noop}senha123', NULL),
('deck_zone_br',     'contato@deckzone.com',        '{noop}senha123', NULL),
('cards_premium',    'contato@cardspremium.com',    '{noop}senha123', NULL),
('tcg_world_br',     'contato@tcgworld.com',        '{noop}senha123', NULL);
INSERT
IGNORE INTO products (id, name, collection) VALUES
    (2,  'Booster Box Romance Dawn',          'OP01'),
    (3,  'Booster Box Paramount War',         'OP02'),
    (4,  'Booster Box Pillars of Strength',   'OP03'),
    (5,  'Booster Box Kingdoms of Intrigue',  'OP04'),
    (6,  'Booster Box Awakening',             'OP05'),
    (7,  'Booster Box Wings of the Captain',  'OP06'),
    (8,  'Booster Box 500 Years',             'OP07'),
    (9,  'Booster Box Two Legends',           'OP08'),
    (10, 'Booster Box Four Emperors',         'OP09'),
    (11, 'Booster Box Royal Blood',           'OP10'),
    (12, 'Deck Estrutural Zoro',              'ST01'),
    (13, 'Deck Estrutural Nami',              'ST02'),
    (14, 'Deck Estrutural Luffy',             'ST03'),
    (15, 'Deck Estrutural Sanji',             'ST04'),
    (16, 'Deck Estrutural Ace',               'ST05'),
    (17, 'Deck Estrutural Sabo',              'ST06'),
    (18, 'Deck Estrutural Yamato',            'ST07'),
    (19, 'Deck Estrutural Robin',             'ST08'),
    (20, 'Deck Estrutural Shanks',            'ST09'),
    (21, 'Deck Estrutural Mihawk',            'ST10'),
    (22, 'Booster Pack OP01',                 'OP01'),
    (23, 'Booster Pack OP02',                 'OP02'),
    (24, 'Booster Pack OP03',                 'OP03'),
    (25, 'Booster Pack OP04',                 'OP04'),
    (26, 'Booster Pack OP05',                 'OP05'),
    (27, 'Tin OP01',                          'OP01'),
    (28, 'Tin OP02',                          'OP02'),
    (29, 'Gift Box OP03',                     'OP03'),
    (30, 'Gift Box OP04',                     'OP04'),
    (31, 'Premium Box OP05',                  'OP05'),
    (32, 'Deck Montado Luffy Aggro',         'OP01'),
    (33, 'Deck Montado Zoro Control',        'OP01'),
    (34, 'Deck Montado Nami Tempo',          'OP02'),
    (35, 'Deck Montado Sanji Burn',          'OP02'),
    (36, 'Deck Montado Ace Aggro',           'OP03'),
    (37, 'Deck Montado Law Midrange',        'OP03'),
    (38, 'Deck Montado Robin Control',       'OP04'),
    (39, 'Deck Montado Yamato Rush',         'OP04'),
    (40, 'Deck Montado Shanks Aggro',        'OP05'),
    (41, 'Deck Montado Mihawk Control',      'OP05'),
    (42, 'Deck Montado Kaido Midrange',      'OP06'),
    (43, 'Deck Montado Big Mom Tempo',       'OP06'),
    (44, 'Deck Montado Crocodile Control',   'OP07'),
    (45, 'Deck Montado Doflamingo Aggro',    'OP07'),
    (46, 'Deck Montado Roger Midrange',      'OP08'),
    (47, 'Deck Montado Whitebeard Rush',     'OP08'),
    (48, 'Deck Montado Blackbeard Control',  'OP09'),
    (49, 'Deck Montado Sabo Aggro',          'OP09'),
    (50, 'Deck Montado Hancock Tempo',       'OP10'),
    (51, 'Deck Montado Dragon Control',      'OP10'),
    (52, 'Deck Montado Trafalgar Law Aggro',    'OP03'),
    (53, 'Deck Montado Nami Control',           'OP04'),
    (54, 'Deck Montado Usopp Tempo',            'OP01'),
    (55, 'Deck Montado Chopper Rush',           'OP02'),
    (56, 'Deck Montado Brook Midrange',         'OP05'),
    (57, 'Deck Montado Franky Aggro',           'OP06'),
    (58, 'Deck Montado Jinbe Control',          'OP07'),
    (59, 'Deck Montado Vivi Tempo',             'OP03'),
    (60, 'Deck Montado Smoker Midrange',        'OP04'),
    (61, 'Deck Montado Crocodile Rush',         'OP08'),
    (62,  'Monkey D. Luffy',         'OP01'),
    (63,  'Roronoa Zoro',            'OP01'),
    (64,  'Nami',                    'OP01'),
    (65,  'Usopp',                   'OP01'),
    (66,  'Sanji',                   'OP01'),
    (67,  'Tony Tony Chopper',       'OP01'),
    (68,  'Nico Robin',              'OP01'),
    (69,  'Franky',                  'OP01'),
    (70,  'Brook',                   'OP01'),
    (71,  'Shanks',                  'OP01'),
    (72,  'Portgas D. Ace',          'OP02'),
    (73,  'Trafalgar Law',           'OP02'),
    (74,  'Whitebeard',              'OP02'),
    (75,  'Marco',                   'OP02'),
    (76,  'Boa Hancock',             'OP03'),
    (77,  'Crocodile',               'OP03'),
    (78,  'Nefertari Vivi',          'OP03'),
    (79,  'Perona',                  'OP03'),
    (80,  'Doflamingo',              'OP04'),
    (81,  'Smoker',                  'OP04'),
    (82,  'Kaido',                   'OP06'),
    (83,  'Big Mom',                 'OP06'),
    (84,  'Mihawk',                  'OP07'),
    (85,  'Yamato',                  'OP07'),
    (86,  'Jinbe',                   'OP07'),
    (87,  'Gol D. Roger',            'OP08'),
    (88,  'Eustass Kid',             'OP08'),
    (89,  'Marshall D. Teach',       'OP09'),
    (90,  'Sabo',                    'OP09'),
    (91,  'Monkey D. Dragon',        'OP10');

INSERT
IGNORE INTO sealed_products (product_id, sealed_type, description) VALUES
    (2,  'Booster Box',     'Booster Box da coleção OP01 - Romance Dawn'),
    (3,  'Booster Box',     'Booster Box da coleção OP02 - Paramount War'),
    (4,  'Booster Box',     'Booster Box da coleção OP03 - Pillars of Strength'),
    (5,  'Booster Box',     'Booster Box da coleção OP04 - Kingdoms of Intrigue'),
    (6,  'Booster Box',     'Booster Box da coleção OP05 - Awakening of the New Era'),
    (7,  'Booster Box',     'Booster Box da coleção OP06 - Wings of the Captain'),
    (8,  'Booster Box',     'Booster Box da coleção OP07 - 500 Years in the Future'),
    (9,  'Booster Box',     'Booster Box da coleção OP08 - Two Legends'),
    (10, 'Booster Box',     'Booster Box da coleção OP09 - The Four Emperors'),
    (11, 'Booster Box',     'Booster Box da coleção OP10 - Royal Blood'),
    (12, 'Deck Estrutural', 'Deck Estrutural do Zoro - Coleção ST01'),
    (13, 'Deck Estrutural', 'Deck Estrutural da Nami - Coleção ST02'),
    (14, 'Deck Estrutural', 'Deck Estrutural do Luffy - Coleção ST03'),
    (15, 'Deck Estrutural', 'Deck Estrutural do Sanji - Coleção ST04'),
    (16, 'Deck Estrutural', 'Deck Estrutural do Ace - Coleção ST05'),
    (17, 'Deck Estrutural', 'Deck Estrutural do Sabo - Coleção ST06'),
    (18, 'Deck Estrutural', 'Deck Estrutural do Yamato - Coleção ST07'),
    (19, 'Deck Estrutural', 'Deck Estrutural do Robin - Coleção ST08'),
    (20, 'Deck Estrutural', 'Deck Estrutural do Shanks - Coleção ST09'),
    (21, 'Deck Estrutural', 'Deck Estrutural do Mihawk - Coleção ST10'),
    (22, 'Booster Pack',    'Booster Pack avulso da coleção OP01'),
    (23, 'Booster Pack',    'Booster Pack avulso da coleção OP02'),
    (24, 'Booster Pack',    'Booster Pack avulso da coleção OP03'),
    (25, 'Booster Pack',    'Booster Pack avulso da coleção OP04'),
    (26, 'Booster Pack',    'Booster Pack avulso da coleção OP05'),
    (27, 'Tin',             'Tin especial comemorativa da coleção OP01'),
    (28, 'Tin',             'Tin especial comemorativa da coleção OP02'),
    (29, 'Gift Box',        'Gift Box edição limitada da coleção OP03'),
    (30, 'Gift Box',        'Gift Box edição limitada da coleção OP04'),
    (31, 'Premium Box',     'Premium Box edição especial da coleção OP05');

INSERT
IGNORE INTO buyers (user_id, wallet_balance) VALUES
    (1,  150.00),
    (2,  200.50),
    (3,  0.00),
    (4,  320.75),
    (5,  89.90),
    (6,  0.00),
    (7,  450.00),
    (8,  12.30),
    (9,  0.00),
    (10, 999.99),
    (11, 75.00),
    (12, 0.00),
    (13, 530.20),
    (14, 44.50),
    (15, 0.00),
    (16, 180.00),
    (17, 0.00),
    (18, 260.80),
    (19, 33.10),
    (20, 0.00),
    (21, 410.00),
    (22, 0.00),
    (23, 125.60),
    (24, 0.00),
    (25, 700.00),
    (26, 55.00),
    (27, 0.00),
    (28, 390.40),
    (29, 0.00),
    (30, 215.00);

INSERT
IGNORE INTO suppliers (user_id, cnpj, store_name, contact_email, commission_rate) VALUES
    (31, '11.111.111/0001-01', 'Loja Cards SP',       'contato@locardsp.com',      5.00),
    (32, '22.222.222/0001-02', 'TCG Nordeste',        'contato@tcgnordeste.com',   4.50),
    (33, '33.333.333/0001-03', 'Carta Mania',         'contato@cartamania.com',    6.00),
    (34, '44.444.444/0001-04', 'Deck Master',         'contato@deckmaster.com',    5.50),
    (35, '55.555.555/0001-05', 'One Piece Store',     'contato@onepiecestore.com', 7.00),
    (36, '66.666.666/0001-06', 'Anime Cards RJ',      'contato@animecards.com',    4.00),
    (37, '77.777.777/0001-07', 'TCG Sul',             'contato@tcgsul.com',        5.00),
    (38, '88.888.888/0001-08', 'Card Universe',       'contato@carduniverse.com',  6.50),
    (39, '99.999.999/0001-09', 'Loja TCG BH',         'contato@lojtcgbh.com',      3.50),
    (40, '10.101.010/0001-10', 'Cards Online',        'contato@cardsonline.com',   5.00),
    (41, '11.111.111/0001-11', 'TCG Prime',           'contato@tcgprime.com',      4.75),
    (42, '12.121.212/0001-12', 'Anime Shop BR',       'contato@animeshopbr.com',   6.00),
    (43, '13.131.313/0001-13', 'Deck House',          'contato@deckhouse.com',     5.25),
    (44, '14.141.414/0001-14', 'Card Kingdom BR',     'contato@cardkingdom.com',   7.50),
    (45, '15.151.515/0001-15', 'TCG Outlet',          'contato@tcgoutlet.com',     4.00),
    (46, '16.161.616/0001-16', 'Loja OP Brasil',      'contato@lojaopbrasil.com',  5.00),
    (47, '17.171.717/0001-17', 'Cards Geek',          'contato@cardsgeek.com',     6.25),
    (48, '18.181.818/0001-18', 'TCG Arena',           'contato@tcgarena.com',      4.50),
    (49, '19.191.919/0001-19', 'Booster Shop',        'contato@boostershop.com',   5.75),
    (50, '20.202.020/0001-20', 'Card Collector',      'contato@cardcollector.com', 3.00),
    (51, '21.212.121/0001-21', 'TCG Express',         'contato@tcgexpress.com',    5.00),
    (52, '22.222.222/0001-22', 'Anime TCG Store',     'contato@animetcg.com',      6.00),
    (53, '23.232.323/0001-23', 'Card Bazaar',         'contato@cardbazaar.com',    4.25),
    (54, '24.242.424/0001-24', 'TCG Legends',         'contato@tcglegends.com',    7.00),
    (55, '25.252.525/0001-25', 'Loja Booster BR',     'contato@lojabooster.com',   5.50),
    (56, '26.262.626/0001-26', 'Card Hub SP',         'contato@cardhubsp.com',     4.00),
    (57, '27.272.727/0001-27', 'TCG Market',          'contato@tcgmarket.com',     6.75),
    (58, '28.282.828/0001-28', 'Deck Zone BR',        'contato@deckzone.com',      5.00),
    (59, '29.292.929/0001-29', 'Cards Premium',       'contato@cardspremium.com',  8.00),
    (60, '30.303.030/0001-30', 'TCG World BR',        'contato@tcgworld.com',      4.50);

INSERT
IGNORE INTO orders (buyer_id, created_at, total_amount, status) VALUES
    (1,  '2026-01-05 10:30:00', 250.00,  'DELIVERED'),
    (2,  '2026-01-07 14:15:00', 89.90,   'DELIVERED'),
    (3,  '2026-01-10 09:00:00', 450.00,  'DELIVERED'),
    (4,  '2026-01-12 16:45:00', 120.50,  'DELIVERED'),
    (5,  '2026-01-15 11:20:00', 320.75,  'DELIVERED'),
    (6,  '2026-01-18 08:30:00', 75.00,   'CANCELLED'),
    (7,  '2026-01-20 13:00:00', 540.00,  'DELIVERED'),
    (8,  '2026-01-22 17:30:00', 33.10,   'DELIVERED'),
    (9,  '2026-01-25 10:00:00', 180.00,  'PENDING'),
    (10, '2026-01-28 15:45:00', 999.99,  'DELIVERED'),
    (11, '2026-02-01 09:15:00', 260.80,  'DELIVERED'),
    (12, '2026-02-03 14:00:00', 44.50,   'CANCELLED'),
    (13, '2026-02-05 11:30:00', 700.00,  'DELIVERED'),
    (14, '2026-02-08 16:00:00', 125.60,  'PENDING'),
    (15, '2026-02-10 10:45:00', 390.40,  'DELIVERED'),
    (16, '2026-02-12 13:30:00', 55.00,   'DELIVERED'),
    (17, '2026-02-15 09:00:00', 215.00,  'CANCELLED'),
    (18, '2026-02-17 14:45:00', 480.00,  'DELIVERED'),
    (19, '2026-02-20 11:00:00', 97.30,   'PENDING'),
    (20, '2026-02-22 16:15:00', 630.00,  'DELIVERED'),
    (21, '2026-02-25 10:30:00', 145.90,  'DELIVERED'),
    (22, '2026-02-27 13:00:00', 310.00,  'PENDING'),
    (23, '2026-03-01 09:30:00', 75.50,   'DELIVERED'),
    (24, '2026-03-03 14:00:00', 820.00,  'DELIVERED'),
    (25, '2026-03-05 11:15:00', 199.90,  'CANCELLED'),
    (26, '2026-03-08 16:30:00', 430.00,  'DELIVERED'),
    (27, '2026-03-10 10:00:00', 62.40,   'PENDING'),
    (28, '2026-03-15 13:45:00', 555.00,  'DELIVERED'),
    (29, '2026-03-20 09:00:00', 88.70,   'DELIVERED'),
    (30, '2026-03-25 14:30:00', 375.00,  'PENDING');

INSERT
IGNORE INTO addresses (zip_code, street, number, complement, neighborhood, city, state, user_id) VALUES
    ('01001-000', 'Rua das Flores',           '10',  NULL,       'Centro',         'São Paulo',       'SP', 1),
    ('20040-020', 'Rua Sete de Setembro',     '25',  'Apto 101', 'Centro',         'Rio de Janeiro',  'RJ', 2),
    ('30130-110', 'Avenida Afonso Pena',      '300', NULL,       'Centro',         'Belo Horizonte',  'MG', 3),
    ('80010-020', 'Rua XV de Novembro',       '45',  'Apto 302', 'Centro',         'Curitiba',        'PR', 4),
    ('90010-150', 'Avenida Borges de Medeiros','80', NULL,       'Centro',         'Porto Alegre',    'RS', 5),
    ('40010-010', 'Praça da Sé',              '12',  'Apto 55',  'Centro',         'Salvador',        'BA', 6),
    ('60010-060', 'Rua Guilherme Rocha',      '90',  NULL,       'Centro',         'Fortaleza',       'CE', 7),
    ('50010-010', 'Avenida Conde da Boa Vista','150',NULL,       'Boa Vista',      'Recife',          'PE', 8),
    ('69010-060', 'Avenida Eduardo Ribeiro',  '200', 'Apto 12',  'Centro',         'Manaus',          'AM', 9),
    ('74010-010', 'Avenida Goiás',            '55',  NULL,       'Centro',         'Goiânia',         'GO', 10),
    ('49010-100', 'Rua João Pessoa',          '33',  'Apto 201', 'Centro',         'Aracaju',         'SE', 11),
    ('65010-000', 'Avenida Dom Pedro II',     '400', NULL,       'Centro',         'São Luís',        'MA', 12),
    ('77001-002', 'Quadra 103 Sul',           '22',  'Sala 1',   'Plano Diretor',  'Palmas',          'TO', 13),
    ('57010-000', 'Rua Sá e Albuquerque',     '77',  NULL,       'Jaraguá',        'Maceió',          'AL', 14),
    ('58010-000', 'Rua Duque de Caxias',      '190', 'Apto 303', 'Centro',         'João Pessoa',     'PB', 15),
    ('59010-000', 'Avenida Hermes da Fonseca','310', NULL,       'Tirol',          'Natal',           'RN', 16),
    ('64010-000', 'Rua Álvaro Mendes',        '42',  'Apto 404', 'Centro',         'Teresina',        'PI', 17),
    ('66020-000', 'Travessa Padre Eutíquio',  '88',  NULL,       'Batista Campos', 'Belém',           'PA', 18),
    ('76800-000', 'Avenida Presidente Dutra', '530', 'Apto 5',   'Centro',         'Porto Velho',     'RO', 19),
    ('69900-000', 'Rua Rui Barbosa',          '67',  NULL,       'Centro',         'Rio Branco',      'AC', 20),
    ('88010-000', 'Rua Felipe Schmidt',       '250', 'Apto 802', 'Centro',         'Florianópolis',   'SC', 21),
    ('29010-000', 'Rua Jerônimo Monteiro',    '130', NULL,       'Centro',         'Vitória',         'ES', 22),
    ('79010-000', 'Avenida Afonso Pena',      '610', 'Apto 101', 'Centro',         'Campo Grande',    'MS', 23),
    ('78010-000', 'Rua Voluntários da Pátria','75',  NULL,       'Centro',         'Cuiabá',          'MT', 24),
    ('69301-000', 'Rua Coronel Pinto',        '33',  'Apto 204', 'São Francisco',  'Boa Vista',       'RR', 25),
    ('68900-000', 'Rua Cândido Mendes',       '120', NULL,       'Central',        'Macapá',          'AP', 26),
    ('70070-000', 'SQN Quadra 106',           '5',   'Apto 301', 'Asa Norte',      'Brasília',        'DF', 27),
    ('04534-001', 'Avenida Faria Lima',       '900', NULL,       'Itaim Bibi',     'São Paulo',       'SP', 28),
    ('22290-140', 'Rua Voluntários da Pátria','430', 'Apto 701', 'Botafogo',       'Rio de Janeiro',  'RJ', 29),
    ('13015-000', 'Rua General Osório',       '140', NULL,       'Centro',         'Campinas',        'SP', 30),
    ('01310-200', 'Rua Augusta',                '100',  'Loja 1',   'Consolação',      'São Paulo',       'SP', 31),
    ('20021-130', 'Rua do Ouvidor',             '200',  NULL,       'Centro',          'Rio de Janeiro',  'RJ', 32),
    ('30112-020', 'Rua Espírito Santo',         '300',  'Sala 2',   'Centro',          'Belo Horizonte',  'MG', 33),
    ('80020-180', 'Rua Marechal Deodoro',       '400',  NULL,       'Centro',          'Curitiba',        'PR', 34),
    ('90020-160', 'Rua dos Andradas',           '500',  'Loja 3',   'Centro',          'Porto Alegre',    'RS', 35),
    ('40060-325', 'Rua Chile',                  '600',  NULL,       'Centro',          'Salvador',        'BA', 36),
    ('60175-047', 'Rua Major Facundo',          '700',  'Sala 4',   'Centro',          'Fortaleza',       'CE', 37),
    ('50050-230', 'Rua do Imperador',           '800',  NULL,       'São José',        'Recife',          'PE', 38),
    ('69020-030', 'Rua Marcílio Dias',          '900',  'Loja 5',   'Praça 14',        'Manaus',          'AM', 39),
    ('74025-010', 'Rua 3',                      '110',  NULL,       'Setor Oeste',     'Goiânia',         'GO', 40),
    ('49020-380', 'Rua Santa Luzia',            '220',  'Sala 6',   'Salgado Filho',   'Aracaju',         'SE', 41),
    ('65030-100', 'Rua do Sol',                 '330',  NULL,       'Centro',          'São Luís',        'MA', 42),
    ('77015-210', 'Quadra 104 Norte',           '440',  'Loja 7',   'Plano Diretor',   'Palmas',          'TO', 43),
    ('57035-270', 'Rua do Comércio',            '550',  NULL,       'Centro',          'Maceió',          'AL', 44),
    ('58020-540', 'Avenida Dom Pedro II',       '660',  'Sala 8',   'Torre',           'João Pessoa',     'PB', 45),
    ('59025-500', 'Rua Jundiaí',                '770',  NULL,       'Tirol',           'Natal',           'RN', 46),
    ('64015-430', 'Rua Coelho Rodrigues',       '880',  'Loja 9',   'Centro',          'Teresina',        'PI', 47),
    ('66010-090', 'Avenida Nazaré',             '990',  NULL,       'Nazaré',          'Belém',           'PA', 48),
    ('76812-330', 'Rua Rogério Weber',          '111',  'Sala 10',  'Nossa Senhora',   'Porto Velho',     'RO', 49),
    ('69908-650', 'Rua Benjamin Constant',      '222',  NULL,       'Centro',          'Rio Branco',      'AC', 50),
    ('88015-400', 'Rua Vidal Ramos',            '333',  'Loja 11',  'Centro',          'Florianópolis',   'SC', 51),
    ('29015-230', 'Rua Nestor Gomes',           '444',  NULL,       'Centro',          'Vitória',         'ES', 52),
    ('79004-380', 'Rua 14 de Julho',            '555',  'Sala 12',  'Centro',          'Campo Grande',    'MS', 53),
    ('78020-500', 'Avenida Isaac Póvoas',       '666',  NULL,       'Centro',          'Cuiabá',          'MT', 54),
    ('69303-015', 'Rua Araújo Filho',           '777',  'Loja 13',  'Centro',          'Boa Vista',       'RR', 55),
    ('68908-170', 'Rua Hamilton Silva',         '888',  NULL,       'Centro',          'Macapá',          'AP', 56),
    ('70040-010', 'SCS Quadra 2',               '999',  'Sala 14',  'Asa Sul',         'Brasília',        'DF', 57),
    ('04038-001', 'Avenida Jabaquara',          '101',  NULL,       'Mirandópolis',    'São Paulo',       'SP', 58),
    ('21310-310', 'Estrada dos Bandeirantes',   '202',  'Loja 15',  'Jacarepaguá',     'Rio de Janeiro',  'RJ', 59),
    ('13060-080', 'Rua Conceição',              '303',  NULL,       'Centro',          'Campinas',        'SP', 60);

INSERT INTO shipments(tracking_code, shipping_date, freight_cost, carrier, delivery_status, estimated_delivery_date,
                      order_id, address_id)
VALUES ('BR100000001BR', '2026-01-06 08:00:00', 19.90, 'Correios', 'Entregue', '2026-01-11 18:00:00', 1, 1),
       ('JD100000002BR', '2026-01-08 09:30:00', 12.00, 'JadLog', 'Entregue', '2026-01-12 18:00:00', 2, 2),
       ('TN100000003BR', '2026-01-11 10:00:00', 35.00, 'Total Express', 'Entregue', '2026-01-15 18:00:00', 3, 3),
       ('BR100000004BR', '2026-01-13 08:30:00', 14.50, 'Correios', 'Entregue', '2026-01-18 18:00:00', 4, 4),
       ('AZ100000005BR', '2026-01-16 11:00:00', 27.80, 'Azul Cargo', 'Entregue', '2026-01-20 18:00:00', 5, 5),
       (NULL, NULL, 8.90, 'Correios', 'Cancelado', '2026-01-22 18:00:00', 6, 6),
       ('JD100000007BR', '2026-01-21 09:00:00', 42.00, 'JadLog', 'Entregue', '2026-01-26 18:00:00', 7, 7),
       ('BR100000008BR', '2026-01-23 08:00:00', 9.90, 'Correios', 'Entregue', '2026-01-28 18:00:00', 8, 8),
       (NULL, NULL, 22.00, 'Total Express', 'Aguardando coleta', '2026-02-02 18:00:00', 9, 9),
       ('TN100000010BR', '2026-01-29 10:30:00', 55.00, 'Total Express', 'Entregue', '2026-02-03 18:00:00', 10, 10),
       ('BR100000011BR', '2026-02-02 08:00:00', 18.50, 'Correios', 'Entregue', '2026-02-07 18:00:00', 11, 11),
       (NULL, NULL, 7.90, 'JadLog', 'Cancelado', '2026-02-07 18:00:00', 12, 12),
       ('AZ100000013BR', '2026-02-06 09:00:00', 63.00, 'Azul Cargo', 'Entregue', '2026-02-10 18:00:00', 13, 13),
       (NULL, NULL, 16.00, 'Correios', 'Aguardando coleta', '2026-02-14 18:00:00', 14, 14),
       ('JD100000015BR', '2026-02-11 10:00:00', 31.50, 'JadLog', 'Entregue', '2026-02-16 18:00:00', 15, 15),
       ('BR100000016BR', '2026-02-13 08:30:00', 11.90, 'Correios', 'Entregue', '2026-02-18 18:00:00', 16, 16),
       (NULL, NULL, 24.00, 'Total Express', 'Cancelado', '2026-02-19 18:00:00', 17, 17),
       ('TN100000018BR', '2026-02-18 11:00:00', 38.00, 'Total Express', 'Entregue', '2026-02-23 18:00:00', 18, 18),
       (NULL, NULL, 13.90, 'Correios', 'Aguardando coleta', '2026-02-26 18:00:00', 19, 19),
       ('BR100000020BR', '2026-02-23 09:00:00', 49.00, 'Correios', 'Entregue', '2026-02-28 18:00:00', 20, 20),
       ('JD100000021BR', '2026-02-26 08:00:00', 17.50, 'JadLog', 'Entregue', '2026-03-03 18:00:00', 21, 21),
       (NULL, NULL, 29.00, 'JadLog', 'Aguardando coleta', '2026-03-06 18:00:00', 22, 22),
       ('AZ100000023BR', '2026-03-02 10:30:00', 10.90, 'Azul Cargo', 'Entregue', '2026-03-07 18:00:00', 23, 23),
       ('BR100000024BR', '2026-03-04 09:00:00', 72.00, 'Correios', 'Entregue', '2026-03-09 18:00:00', 24, 24),
       (NULL, NULL, 21.00, 'Total Express', 'Cancelado', '2026-03-10 18:00:00', 25, 25),
       ('TN100000026BR', '2026-03-09 08:30:00', 34.00, 'Total Express', 'Entregue', '2026-03-14 18:00:00', 26, 26),
       (NULL, NULL, 9.50, 'Correios', 'Aguardando coleta', '2026-03-17 18:00:00', 27, 27),
       ('JD100000028BR', '2026-03-16 10:00:00', 44.00, 'JadLog', 'Entregue', '2026-03-21 18:00:00', 28, 28),
       ('BR100000029BR', '2026-03-21 08:00:00', 15.90, 'Correios', 'Entregue', '2026-03-26 18:00:00', 29, 29),
       (NULL, NULL, 26.50, 'JadLog', 'Aguardando coleta', '2026-04-02 18:00:00', 30, 30);


INSERT INTO payments
    (payment_date_time, payment_method, status, amount_paid, order_id)
VALUES ('2026-01-05 10:31:00', 'Pix', 'Aprovado', 250.00, 1),
       ('2026-01-07 14:16:00', 'Cartão débito', 'Aprovado', 89.90, 2),
       ('2026-01-10 09:01:00', 'Cartão crédito', 'Aprovado', 450.00, 3),
       ('2026-01-12 16:46:00', 'Boleto', 'Aprovado', 120.50, 4),
       ('2026-01-15 11:21:00', 'Pix', 'Aprovado', 320.75, 5),
       ('2026-01-18 08:31:00', 'Cartão crédito', 'Estornado', 75.00, 6),
       ('2026-01-20 13:01:00', 'Cartão crédito', 'Aprovado', 540.00, 7),
       ('2026-01-22 17:31:00', 'Pix', 'Aprovado', 33.10, 8),
       ('2026-01-25 10:01:00', 'Boleto', 'Aprovado', 180.00, 9),
       ('2026-01-28 15:46:00', 'Cartão crédito', 'Aprovado', 999.99, 10),
       ('2026-02-01 09:16:00', 'Pix', 'Aprovado', 260.80, 11),
       ('2026-02-03 14:01:00', 'Cartão débito', 'Estornado', 44.50, 12),
       ('2026-02-05 11:31:00', 'Cartão crédito', 'Aprovado', 700.00, 13),
       ('2026-02-08 16:01:00', 'Pix', 'Aprovado', 125.60, 14),
       ('2026-02-10 10:46:00', 'Cartão crédito', 'Aprovado', 390.40, 15),
       ('2026-02-12 13:31:00', 'Pix', 'Aprovado', 55.00, 16),
       ('2026-02-15 09:01:00', 'Boleto', 'Estornado', 215.00, 17),
       ('2026-02-17 14:46:00', 'Cartão crédito', 'Aprovado', 480.00, 18),
       ('2026-02-20 11:01:00', 'Pix', 'Aprovado', 97.30, 19),
       ('2026-02-22 16:16:00', 'Cartão crédito', 'Aprovado', 630.00, 20),
       ('2026-02-25 10:31:00', 'Cartão débito', 'Aprovado', 145.90, 21),
       ('2026-02-27 13:01:00', 'Boleto', 'Aprovado', 310.00, 22),
       ('2026-03-01 09:31:00', 'Pix', 'Aprovado', 75.50, 23),
       ('2026-03-03 14:01:00', 'Cartão crédito', 'Aprovado', 820.00, 24),
       ('2026-03-05 11:16:00', 'Pix', 'Estornado', 199.90, 25),
       ('2026-03-08 16:31:00', 'Cartão crédito', 'Aprovado', 430.00, 26),
       ('2026-03-10 10:01:00', 'Boleto', 'Aprovado', 62.40, 27),
       ('2026-03-15 13:46:00', 'Cartão crédito', 'Aprovado', 555.00, 28),
       ('2026-03-20 09:01:00', 'Pix', 'Aprovado', 88.70, 29),
       ('2026-03-25 14:31:00', 'Cartão crédito', 'Aprovado', 375.00, 30);

INSERT INTO payment_installments (installment_number, due_date, installment_amount, installment_status, payment_id)
VALUES (1, '2026-02-10', 150.00, 'Paga', 3),
       (2, '2026-03-10', 150.00, 'Paga', 3),
       (3, '2026-04-10', 150.00, 'Pendente', 3),

       (1, '2026-02-20', 135.00, 'Paga', 7),
       (2, '2026-03-20', 135.00, 'Paga', 7),
       (3, '2026-04-20', 135.00, 'Pendente', 7),
       (4, '2026-05-20', 135.00, 'Pendente', 7),

       (1, '2026-02-28', 166.67, 'Paga', 10),
       (2, '2026-03-28', 166.67, 'Paga', 10),
       (3, '2026-04-28', 166.67, 'Pendente', 10),
       (4, '2026-05-28', 166.67, 'Pendente', 10),
       (5, '2026-06-28', 166.67, 'Pendente', 10),
       (6, '2026-07-28', 166.64, 'Pendente', 10),

       (1, '2026-03-05', 140.00, 'Paga', 13),
       (2, '2026-04-05', 140.00, 'Pendente', 13),
       (3, '2026-05-05', 140.00, 'Pendente', 13),
       (4, '2026-06-05', 140.00, 'Pendente', 13),
       (5, '2026-07-05', 140.00, 'Pendente', 13),

       (1, '2026-03-10', 195.20, 'Paga', 15),
       (2, '2026-04-10', 195.20, 'Pendente', 15),

       (1, '2026-03-17', 120.00, 'Paga', 18),
       (2, '2026-04-17', 120.00, 'Pendente', 18),
       (3, '2026-05-17', 120.00, 'Pendente', 18),
       (4, '2026-06-17', 120.00, 'Pendente', 18),

       (1, '2026-03-22', 210.00, 'Paga', 20),
       (2, '2026-04-22', 210.00, 'Pendente', 20),
       (3, '2026-05-22', 210.00, 'Pendente', 20),

       (1, '2026-04-03', 136.67, 'Pendente', 24),
       (2, '2026-05-03', 136.67, 'Pendente', 24),
       (3, '2026-06-03', 136.67, 'Pendente', 24),
       (4, '2026-07-03', 136.67, 'Pendente', 24),
       (5, '2026-08-03', 136.67, 'Pendente', 24),
       (6, '2026-09-03', 136.65, 'Pendente', 24),

       (1, '2026-04-08', 215.00, 'Pendente', 26),
       (2, '2026-05-08', 215.00, 'Pendente', 26),

       (1, '2026-04-15', 185.00, 'Pendente', 28),
       (2, '2026-05-15', 185.00, 'Pendente', 28),
       (3, '2026-06-15', 185.00, 'Pendente', 28),

       (1, '2026-04-25', 125.00, 'Pendente', 30),
       (2, '2026-05-25', 125.00, 'Pendente', 30),
       (3, '2026-06-25', 125.00, 'Pendente', 30);

INSERT
IGNORE INTO constructed_decks (product_id, includes_don, card_quantity, leader_card, description)VALUES
    (32, TRUE,  51, 'Monkey D. Luffy OP01-060',    'Deck agressivo com foco em pressão constante usando Luffy como líder'),
    (33, TRUE,  51, 'Roronoa Zoro OP01-001',        'Deck de controle com cartas de bloqueio e remoção usando Zoro'),
    (34, TRUE,  51, 'Nami OP02-065',                'Deck de tempo com manipulação de mão e geração de vantagem de cartas'),
    (35, TRUE,  51, 'Sanji OP02-001',               'Deck agressivo com dano direto e efeitos de queima usando Sanji'),
    (36, TRUE,  51, 'Portgas D. Ace OP05-060',      'Deck rápido com foco em ataques consecutivos usando Ace'),
    (37, TRUE,  51, 'Trafalgar Law OP05-020',        'Deck midrange equilibrado com trocas e remoções usando Law'),
    (38, TRUE,  51, 'Nico Robin OP03-040',          'Deck de controle com foco em efeitos de ativação usando Robin'),
    (39, TRUE,  51, 'Yamato OP07-060',              'Deck rush com curva de mana baixa e ataques velozes usando Yamato'),
    (40, TRUE,  51, 'Shanks OP01-119',              'Deck agressivo de alto impacto com cartas poderosas usando Shanks'),
    (41, TRUE,  51, 'Mihawk OP07-020',              'Deck de controle com remoções e proteção usando Mihawk'),
    (42, TRUE,  51, 'Kaido OP06-080',               'Deck midrange com cartas de alto custo e efeitos devastadores'),
    (43, TRUE,  51, 'Big Mom OP06-040',             'Deck de tempo com geração de recursos e controle de campo'),
    (44, FALSE, 51, 'Crocodile OP07-080',           'Deck de controle sem DON com foco em bloqueios e anulações'),
    (45, TRUE,  51, 'Doflamingo OP04-040',          'Deck agressivo com efeitos de controle de campo usando Doflamingo'),
    (46, TRUE,  51, 'Gol D. Roger OP08-060',        'Deck midrange premium com as cartas mais poderosas do formato'),
    (47, TRUE,  51, 'Whitebeard OP08-020',          'Deck rush com personagens de alto poder e pressão constante'),
    (48, TRUE,  51, 'Marshall D. Teach OP09-060',   'Deck de controle com roubo de efeitos e negação usando Barba Negra'),
    (49, TRUE,  51, 'Sabo OP09-020',                'Deck agressivo com combos de baixo custo usando Sabo'),
    (50, FALSE, 51, 'Boa Hancock OP10-060',         'Deck de tempo com efeitos de paralisia e controle usando Hancock'),
    (51, TRUE,  51, 'Monkey D. Dragon OP10-020',    'Deck de controle com efeitos revolucionários usando Dragon'),
    (52, TRUE,  51, 'Trafalgar Law OP03-060',       'Deck agressivo com trocas e efeitos de dano usando Law'),
    (53, FALSE, 51, 'Nami OP04-040',                'Deck de controle com foco em manipulação de recursos usando Nami'),
    (54, TRUE,  51, 'Usopp OP01-030',               'Deck de tempo com suporte e efeitos de distância usando Usopp'),
    (55, TRUE,  51, 'Tony Tony Chopper OP02-020',   'Deck rush com cartas de baixo custo e efeitos médicos usando Chopper'),
    (56, TRUE,  51, 'Brook OP05-040',               'Deck midrange com efeitos de alma e ressurreição usando Brook'),
    (57, TRUE,  51, 'Franky OP06-020',              'Deck agressivo com modificações e poder de fogo usando Franky'),
    (58, FALSE, 51, 'Jinbe OP07-040',               'Deck de controle com defesa sólida e efeitos de mar usando Jinbe'),
    (59, TRUE,  51, 'Nefertari Vivi OP03-020',      'Deck de tempo com suporte e efeitos de reino usando Vivi'),
    (60, TRUE,  51, 'Smoker OP04-060',              'Deck midrange com perseguição e captura usando Smoker'),
    (61, TRUE,  51, 'Crocodile OP08-040',           'Deck rush com areia e efeitos de deserto usando Crocodile');

INSERT
IGNORE INTO listings(available_quantity, current_price, item_condition, product_language, product_id, supplier_id) VALUES
    (5,   850.00, 'Near Mint',        'Japonês', 2,  31),
    (3,   820.00, 'Near Mint',        'Inglês',  2,  32),
    (2,   780.00, 'Lightly Played',   'Japonês', 2,  33),
    (8,   950.00, 'Near Mint',        'Japonês', 3,  34),
    (4,   900.00, 'Near Mint',        'Inglês',  3,  35),
    (1,   860.00, 'Lightly Played',   'Inglês',  3,  36),
    (6,   750.00, 'Near Mint',        'Japonês', 4,  37),
    (3,   720.00, 'Near Mint',        'Inglês',  4,  38),
    (2,   690.00, 'Moderately Played','Japonês', 4,  39),
    (10,  880.00, 'Near Mint',        'Japonês', 5,  40),
    (5,   850.00, 'Near Mint',        'Inglês',  5,  41),
    (2,   800.00, 'Lightly Played',   'Japonês', 5,  42),
    (7,   920.00, 'Near Mint',        'Japonês', 6,  43),
    (4,   890.00, 'Near Mint',        'Inglês',  6,  44),
    (1,   850.00, 'Lightly Played',   'Inglês',  6,  45),
    (5,   870.00, 'Near Mint',        'Japonês', 7,  46),
    (3,   840.00, 'Near Mint',        'Inglês',  7,  47),
    (6,   960.00, 'Near Mint',        'Japonês', 8,  48),
    (2,   930.00, 'Near Mint',        'Inglês',  8,  49),
    (1,   890.00, 'Lightly Played',   'Japonês', 8,  50),
    (8,  1050.00, 'Near Mint',        'Japonês', 9,  51),
    (4,  1020.00, 'Near Mint',        'Inglês',  9,  52),
    (2,   980.00, 'Lightly Played',   'Japonês', 9,  53),
    (5,  1100.00, 'Near Mint',        'Japonês', 10, 54),
    (3,  1070.00, 'Near Mint',        'Inglês',  10, 55),
    (1,  1030.00, 'Moderately Played','Inglês',  10, 56),
    (10,  110.00, 'Near Mint',        'Japonês', 11, 57),
    (8,   105.00, 'Near Mint',        'Inglês',  11, 58),
    (5,    98.00, 'Lightly Played',   'Japonês', 11, 59),
    (12,  115.00, 'Near Mint',        'Japonês', 12, 60),
    (10,  110.00, 'Near Mint',        'Inglês',  12, 31),
    (8,   100.00, 'Lightly Played',   'Inglês',  12, 32),
    (15,  105.00, 'Near Mint',        'Japonês', 13, 33),
    (10,  100.00, 'Near Mint',        'Inglês',  13, 34),
    (6,    95.00, 'Lightly Played',   'Japonês', 13, 35),
    (12,  120.00, 'Near Mint',        'Japonês', 14, 36),
    (8,   115.00, 'Near Mint',        'Inglês',  14, 37),
    (5,   108.00, 'Moderately Played','Japonês', 14, 38),
    (10,  125.00, 'Near Mint',        'Japonês', 15, 39),
    (7,   120.00, 'Near Mint',        'Inglês',  15, 40),
    (4,   112.00, 'Lightly Played',   'Inglês',  15, 41),
    (15,  100.00, 'Near Mint',        'Japonês', 16, 42),
    (10,   95.00, 'Near Mint',        'Inglês',  16, 43),
    (20,   90.00, 'Near Mint',        'Japonês', 17, 44),
    (12,   88.00, 'Lightly Played',   'Japonês', 17, 45),
    (8,   130.00, 'Near Mint',        'Japonês', 18, 46),
    (5,   125.00, 'Near Mint',        'Inglês',  18, 47),
    (15,  118.00, 'Near Mint',        'Japonês', 19, 48),
    (10,  112.00, 'Near Mint',        'Inglês',  19, 49),
    (6,   155.00, 'Near Mint',        'Japonês', 20, 50),
    (4,   148.00, 'Near Mint',        'Inglês',  20, 51),
    (2,   140.00, 'Lightly Played',   'Japonês', 20, 52),
    (10,  160.00, 'Near Mint',        'Japonês', 21, 53),
    (6,   155.00, 'Near Mint',        'Inglês',  21, 54),
    (30,   18.00, 'Near Mint',        'Japonês', 22, 55),
    (25,   17.00, 'Near Mint',        'Inglês',  22, 56),
    (20,   15.00, 'Lightly Played',   'Japonês', 22, 57),
    (30,   20.00, 'Near Mint',        'Japonês', 23, 58),
    (25,   19.00, 'Near Mint',        'Inglês',  23, 59),
    (20,   17.00, 'Lightly Played',   'Inglês',  23, 60),
    (30,   16.00, 'Near Mint',        'Japonês', 24, 31),
    (25,   15.00, 'Near Mint',        'Inglês',  24, 32),
    (30,   19.00, 'Near Mint',        'Japonês', 25, 33),
    (20,   17.00, 'Lightly Played',   'Japonês', 25, 34),
    (25,   22.00, 'Near Mint',        'Japonês', 26, 35),
    (20,   21.00, 'Near Mint',        'Inglês',  26, 36),
    (10,   85.00, 'Near Mint',        'Japonês', 27, 37),
    (6,    80.00, 'Near Mint',        'Inglês',  27, 38),
    (4,    75.00, 'Lightly Played',   'Japonês', 27, 39),
    (8,    90.00, 'Near Mint',        'Japonês', 28, 40),
    (5,    85.00, 'Near Mint',        'Inglês',  28, 41),
    (6,   150.00, 'Near Mint',        'Japonês', 29, 42),
    (4,   145.00, 'Near Mint',        'Inglês',  29, 43),
    (2,   138.00, 'Lightly Played',   'Japonês', 29, 44),
    (6,   160.00, 'Near Mint',        'Japonês', 30, 45),
    (4,   155.00, 'Near Mint',        'Inglês',  30, 46),
    (3,   200.00, 'Near Mint',        'Japonês', 31, 47),
    (2,   195.00, 'Near Mint',        'Inglês',  31, 48),
    (1,   185.00, 'Lightly Played',   'Japonês', 31, 49),
    (5,   280.00, 'Near Mint',        'Japonês', 32, 50),
    (3,   265.00, 'Near Mint',        'Inglês',  32, 51),
    (2,   250.00, 'Lightly Played',   'Japonês', 32, 52),
    (5,   290.00, 'Near Mint',        'Japonês', 33, 53),
    (3,   275.00, 'Near Mint',        'Inglês',  33, 54),
    (4,   260.00, 'Near Mint',        'Japonês', 34, 55),
    (2,   245.00, 'Lightly Played',   'Inglês',  34, 56),
    (5,   270.00, 'Near Mint',        'Japonês', 35, 57),
    (3,   255.00, 'Near Mint',        'Inglês',  35, 58),
    (4,   285.00, 'Near Mint',        'Japonês', 36, 59),
    (2,   268.00, 'Lightly Played',   'Inglês',  36, 60),
    (5,   275.00, 'Near Mint',        'Japonês', 37, 31),
    (3,   260.00, 'Near Mint',        'Inglês',  37, 32),
    (4,   295.00, 'Near Mint',        'Japonês', 38, 33),
    (2,   278.00, 'Lightly Played',   'Inglês',  38, 34),
    (5,   310.00, 'Near Mint',        'Japonês', 39, 35),
    (3,   295.00, 'Near Mint',        'Inglês',  39, 36),
    (4,   320.00, 'Near Mint',        'Japonês', 40, 37),
    (2,   300.00, 'Lightly Played',   'Inglês',  40, 38),
    (5,   340.00, 'Near Mint',        'Japonês', 41, 39),
    (3,   325.00, 'Near Mint',        'Inglês',  41, 40),
    (4,   305.00, 'Near Mint',        'Japonês', 42, 41),
    (2,   288.00, 'Lightly Played',   'Inglês',  42, 42),
    (5,   315.00, 'Near Mint',        'Japonês', 43, 43),
    (3,   298.00, 'Near Mint',        'Inglês',  43, 44),
    (4,   280.00, 'Near Mint',        'Japonês', 44, 45),
    (2,   265.00, 'Lightly Played',   'Inglês',  44, 46),
    (5,   295.00, 'Near Mint',        'Japonês', 45, 47),
    (3,   278.00, 'Near Mint',        'Inglês',  45, 48),
    (4,   350.00, 'Near Mint',        'Japonês', 46, 49),
    (2,   335.00, 'Lightly Played',   'Inglês',  46, 50),
    (5,   360.00, 'Near Mint',        'Japonês', 47, 51),
    (3,   342.00, 'Near Mint',        'Inglês',  47, 52),
    (4,   370.00, 'Near Mint',        'Japonês', 48, 53),
    (2,   352.00, 'Lightly Played',   'Inglês',  48, 54),
    (5,   285.00, 'Near Mint',        'Japonês', 49, 55),
    (3,   270.00, 'Near Mint',        'Inglês',  49, 56),
    (4,   298.00, 'Near Mint',        'Japonês', 50, 57),
    (2,   282.00, 'Lightly Played',   'Inglês',  50, 58),
    (5,   375.00, 'Near Mint',        'Japonês', 51, 59),
    (3,   358.00, 'Near Mint',        'Inglês',  51, 60);

INSERT
IGNORE INTO phones (phone_number, user_id) VALUES
    ('(11) 91234-5601', 1),
    ('(21) 91234-5602', 2),
    ('(31) 91234-5603', 3),
    ('(41) 91234-5604', 4),
    ('(51) 91234-5605', 5),
    ('(71) 91234-5606', 6),
    ('(85) 91234-5607', 7),
    ('(81) 91234-5608', 8),
    ('(92) 91234-5609', 9),
    ('(62) 91234-5610', 10),
    ('(79) 91234-5611', 11),
    ('(98) 91234-5612', 12),
    ('(63) 91234-5613', 13),
    ('(82) 91234-5614', 14),
    ('(83) 91234-5615', 15),
    ('(84) 91234-5616', 16),
    ('(86) 91234-5617', 17),
    ('(91) 91234-5618', 18),
    ('(69) 91234-5619', 19),
    ('(68) 91234-5620', 20),
    ('(48) 91234-5621', 21),
    ('(27) 91234-5622', 22),
    ('(67) 91234-5623', 23),
    ('(65) 91234-5624', 24),
    ('(95) 91234-5625', 25),
    ('(96) 91234-5626', 26),
    ('(61) 91234-5627', 27),
    ('(11) 97654-5628', 28),
    ('(21) 97654-5629', 29),
    ('(19) 91234-5630', 30),
    ('(11) 93000-0031', 31),
    ('(81) 93000-0032', 32),
    ('(31) 93000-0033', 33),
    ('(41) 93000-0034', 34),
    ('(51) 93000-0035', 35),
    ('(21) 93000-0036', 36),
    ('(51) 93000-0037', 37),
    ('(81) 93000-0038', 38),
    ('(92) 93000-0039', 39),
    ('(62) 93000-0040', 40),
    ('(79) 93000-0041', 41),
    ('(98) 93000-0042', 42),
    ('(63) 93000-0043', 43),
    ('(82) 93000-0044', 44),
    ('(83) 93000-0045', 45),
    ('(84) 93000-0046', 46),
    ('(86) 93000-0047', 47),
    ('(91) 93000-0048', 48),
    ('(69) 93000-0049', 49),
    ('(68) 93000-0050', 50),
    ('(48) 93000-0051', 51),
    ('(27) 93000-0052', 52),
    ('(67) 93000-0053', 53),
    ('(65) 93000-0054', 54),
    ('(95) 93000-0055', 55),
    ('(96) 93000-0056', 56),
    ('(61) 93000-0057', 57),
    ('(11) 93000-0058', 58),
    ('(21) 93000-0059', 59),
    ('(19) 93000-0060', 60);

INSERT
IGNORE INTO subtypes (name) VALUES
    ('Pirata'),
    ('Marinha'),
    ('Revolucionário'),
    ('Supernova'),
    ('Yonko'),
    ('Shichibukai'),
    ('Alabasta'),
    ('Impel Down'),
    ('Whitebeard Pirates'),
    ('Red Hair Pirates'),
    ('Straw Hat Crew'),
    ('Heart Pirates'),
    ('Kid Pirates'),
    ('Big Mom Pirates'),
    ('Kaido'),
    ('Baroque Works'),
    ('CP0'),
    ('CP9'),
    ('Donquixote Pirates'),
    ('Mink'),
    ('Samurai'),
    ('Wano'),
    ('Sky Island'),
    ('Thriller Bark'),
    ('Fish-Man Island'),
    ('Amazon Lily'),
    ('Dressrosa'),
    ('Whole Cake Island'),
    ('Onigashima'),
    ('Egghead'),
    ('Vegapunk'),
    ('Cipher Pol'),
    ('World Government'),
    ('Roger Pirates'),
    ('Rocks Pirates'),
    ('Cross Guild'),
    ('Bounty Hunter'),
    ('Kujas'),
    ('Giant'),
    ('Celestial Dragon');

INSERT
IGNORE INTO colors (name) VALUES
    ('Vermelho'),
    ('Verde'),
    ('Azul'),
    ('Roxo'),
    ('Preto'),
    ('Amarelo');

INSERT
IGNORE INTO constructed_deck_colors (product_id, color_id) VALUES
    (32, 1),
    (33, 1),
    (34, 3),
    (35, 1),
    (36, 1),
    (37, 3),
    (37, 4),
    (38, 3),
    (39, 5),
    (39, 2),
    (40, 1),
    (41, 5),
    (42, 5),
    (42, 4),
    (43, 6),
    (43, 1),
    (44, 4),
    (45, 4),
    (46, 1),
    (46, 3),
    (47, 5),
    (47, 2),
    (48, 5),
    (48, 4),
    (49, 3),
    (49, 2),
    (50, 6),
    (51, 2),
    (52, 3),
    (52, 4),
    (53, 2),
    (54, 2),
    (55, 2),
    (55, 1),
    (56, 5),
    (57, 1),
    (57, 2),
    (58, 3),
    (58, 5),
    (59, 2),
    (59, 6),
    (60, 3),
    (61, 4),
    (61, 5);


INSERT
IGNORE INTO order_items(listing_id, order_id, quantity_bought, unit_price_paid, technical_report, inspection_date) VALUES
    (1,  1,  1, 250.00, NULL, NULL),
    (2,  2,  1,  89.90, NULL, NULL),
    (3,  3,  1, 450.00, NULL, NULL),
    (4,  4,  1, 120.50, NULL, NULL),
    (5,  5,  1, 320.75, NULL, NULL),
    (6,  6,  1,  75.00, NULL, NULL),
    (7,  7,  1, 540.00, NULL, NULL),
    (8,  8,  1,  33.10, NULL, NULL),
    (9,  9,  1, 180.00, NULL, NULL),
    (10, 10, 1, 999.99, NULL, NULL),
    (11, 11, 1, 260.80, NULL, NULL),
    (12, 12, 1,  44.50, NULL, NULL),
    (13, 13, 1, 700.00, NULL, NULL),
    (14, 14, 1, 125.60, NULL, NULL),
    (15, 15, 1, 390.40, NULL, NULL),
    (16, 16, 1,  55.00, NULL, NULL),
    (17, 17, 1, 215.00, NULL, NULL),
    (18, 18, 1, 480.00, NULL, NULL),
    (19, 19, 1,  97.30, NULL, NULL),
    (20, 20, 1, 630.00, NULL, NULL),
    (21, 21, 1, 145.90, NULL, NULL),
    (22, 22, 1, 310.00, NULL, NULL),
    (23, 23, 1,  75.50, NULL, NULL),
    (24, 24, 1, 820.00, NULL, NULL),
    (25, 25, 1, 199.90, NULL, NULL),
    (26, 26, 1, 430.00, NULL, NULL),
    (27, 27, 1,  62.40, NULL, NULL),
    (28, 28, 1, 555.00, NULL, NULL),
    (29, 29, 1,  88.70, NULL, NULL),
    (30, 30, 1, 375.00, NULL, NULL);

INSERT
IGNORE INTO single_cards (product_id, card_number, rarity, treatment, card_type, cost, power, counter, combat_attribute, description) VALUES
    (62, 'OP01-060', 'L',   'NORMAL',        'Lider',      NULL,  5000,  NULL, 'Borracha',  'Ao atacar, pode dar +1 DON a este lider até o fim do turno.'),
    (63, 'OP01-001', 'L',   'NORMAL',        'Lider',      NULL,  5000,  NULL, 'Corte',     'Ao atacar, pode descansar 1 DON para dar +1000 de poder a este lider.'),
    (64, 'OP01-016', 'C',   'NORMAL',        'Personagem', 1,     1000,  1000, NULL,        'Ao jogar, compre 1 carta.'),
    (65, 'OP01-022', 'C',   'NORMAL',        'Personagem', 2,     2000,  1000, NULL,        'Ao atacar, pode descansar 1 DON para dar +1000 de poder a 1 personagem aliado.'),
    (66, 'OP01-013', 'R',   'NORMAL',        'Personagem', 3,     4000,  1000, 'Chute',     'Ao jogar, pode dar +2000 de poder a 1 personagem aliado até o fim do turno.'),
    (67, 'OP01-020', 'C',   'NORMAL',        'Personagem', 1,     1000,  2000, NULL,        'Ao jogar, pode curar 1 de dano do seu lider.'),
    (68, 'OP01-031', 'R',   'NORMAL',        'Personagem', 4,     5000,  1000, NULL,        'Ao jogar, compre 2 cartas e depois descarte 1.'),
    (69, 'OP01-037', 'UC',  'NORMAL',        'Personagem', 5,     6000,  NULL, NULL,        'Bloqueador. Ao ativar, descanse este personagem para reduzir o dano em 1.'),
    (70, 'OP01-040', 'UC',  'NORMAL',        'Personagem', 3,     3000,  2000, NULL,        'Ao jogar, revele as 5 cartas do topo do deck e coloque 1 na mão.'),
    (71, 'OP01-119', 'SEC', 'NORMAL',        'Personagem', 9,    12000,  NULL, 'Corte',     'Ao jogar, elimine até 2 personagens inimigos com 5000 de poder ou menos.'),
    (72, 'OP02-013', 'L',   'NORMAL',        'Lider',      NULL,  5000,  NULL, 'Fogo',      'Ao atacar, pode descansar 2 DON para dar +2000 de poder a este lider.'),
    (73, 'OP02-060', 'L',   'NORMAL',        'Lider',      NULL,  5000,  NULL, 'Corte',     'Ao ativar, descanse 1 DON para dar +1000 de poder a este lider e compre 1 carta.'),
    (74, 'OP02-001', 'L',   'ALTERNATE_ART', 'Lider',      NULL,  6000,  NULL, 'Soco',      'Ao atacar, pode descansar 3 DON para dar +3000 de poder a este lider.'),
    (75, 'OP02-030', 'SR',  'NORMAL',        'Personagem', 4,     5000,  1000, 'Fogo',      'Ao jogar, elimine 1 personagem inimigo com 3000 de poder ou menos.'),
    (76, 'OP03-040', 'L',   'NORMAL',        'Lider',      NULL,  5000,  NULL, 'Especial',  'Ao atacar, pode dar Paralisia a 1 personagem inimigo com 3000 de poder ou menos.'),
    (77, 'OP03-060', 'SR',  'NORMAL',        'Personagem', 6,     7000,  NULL, 'Corte',     'Ao jogar, pode descansar até 2 personagens inimigos.'),
    (78, 'OP03-020', 'R',   'NORMAL',        'Personagem', 2,     3000,  1000, NULL,        'Ao jogar, pode comprar 1 carta se você tiver 4 ou menos cartas na mão.'),
    (79, 'OP03-077', 'SR',  'NORMAL',        'Personagem', 4,     5000,  NULL, 'Especial',  'Ao jogar, pode dar -4000 de poder a 1 personagem inimigo até o fim do turno.'),
    (80, 'OP04-040', 'L',   'NORMAL',        'Lider',      NULL,  5000,  NULL, 'Especial',  'Ao atacar, pode descansar 1 DON para dar Paralisia a 1 personagem inimigo com 4000 de poder.'),
    (81, 'OP04-060', 'SR',  'NORMAL',        'Personagem', 5,     6000,  NULL, 'Especial',  'Ao jogar, pode descansar 1 personagem inimigo com 5000 de poder ou menos.'),
    (82, 'OP06-080', 'L',   'NORMAL',        'Lider',      NULL,  6000,  NULL, 'Golpe',     'Ao atacar, pode descansar 2 DON para dar +2000 de poder e Golpe a este lider.'),
    (83, 'OP06-040', 'L',   'NORMAL',        'Lider',      NULL,  5000,  NULL, 'Especial',  'Ao ativar, descanse 2 DON para colocar 1 personagem aliado na mão e comprar 1 carta.'),
    (84, 'OP07-020', 'L',   'NORMAL',        'Lider',      NULL,  5000,  NULL, 'Corte',     'Ao atacar, pode descansar 1 DON para dar +1000 de poder e Corte a este lider.'),
    (85, 'OP07-060', 'L',   'NORMAL',        'Lider',      NULL,  5000,  NULL, 'Golpe',     'Ao atacar, pode descansar 1 DON para dar +2000 de poder a este lider até o fim do turno.'),
    (86, 'OP07-040', 'SR',  'NORMAL',        'Personagem', 5,     7000,  NULL, 'Especial',  'Ao jogar, pode descansar até 2 personagens inimigos com 4000 de poder ou menos.'),
    (87, 'OP08-060', 'L',   'ALTERNATE_ART', 'Lider',      NULL,  5000,  NULL, 'Corte',     'Ao atacar, pode descansar 1 DON para dar +2000 de poder a este lider e comprar 1 carta.'),
    (88, 'OP08-020', 'SR',  'NORMAL',        'Personagem', 8,    10000,  NULL, 'Soco',      'Ao jogar, elimine 1 personagem inimigo com 7000 de poder ou menos.'),
    (89, 'OP09-060', 'L',   'NORMAL',        'Lider',      NULL,  5000,  NULL, 'Escuridão', 'Ao atacar, pode descansar 2 DON para remover do jogo 1 carta do cemitério inimigo.'),
    (90, 'OP09-020', 'L',   'NORMAL',        'Lider',      NULL,  5000,  NULL, 'Fogo',      'Ao atacar, pode descansar 1 DON para dar +1000 de poder a este lider e comprar 1 carta.'),
    (91, 'OP10-020', 'L',   'NORMAL',        'Lider',      NULL,  5000,  NULL, 'Vento',     'Ao atacar, pode descansar 2 DON para dar +2000 de poder a este lider e comprar 2 cartas.');
INSERT
IGNORE INTO single_card_colors (product_id, color_id) VALUES
    (62, 1), (63, 1), (64, 3), (65, 2), (66, 1), (67, 2), (68, 3),
    (69, 2), (70, 5), (71, 1), (72, 1), (73, 3), (73, 4), (74, 1),
    (74, 5), (75, 1), (76, 6), (77, 4), (78, 2), (79, 4), (80, 4),
    (81, 3), (82, 5), (82, 4), (83, 6), (83, 1), (84, 5), (85, 2),
    (85, 5), (86, 3), (86, 5), (87, 1), (87, 5), (88, 1), (89, 5),
    (89, 4), (90, 3), (90, 2), (91, 2);

INSERT
IGNORE INTO single_card_subtypes (product_id, subtype_id) VALUES
    (62, 1), (62, 11), (63, 1), (63, 11), (64, 1), (64, 11),
    (65, 1), (65, 11), (66, 1), (66, 11), (67, 1), (67, 11),
    (68, 1), (68, 11), (69, 1), (69, 11), (70, 1), (70, 11),
    (71, 1), (71, 5),  (71, 10), (72, 1), (72, 9),  (73, 1),
    (73, 4), (73, 12), (74, 1), (74, 5),  (74, 9),  (75, 1),
    (75, 9), (76, 1),  (76, 6),  (77, 1), (77, 6),  (78, 1),
    (79, 1), (80, 1),  (80, 6),  (81, 2), (82, 1),  (82, 5),
    (83, 1), (83, 5),  (83, 14), (84, 1), (84, 6),  (85, 1),
    (86, 1), (86, 11), (87, 1),  (87, 34),(88, 1),  (88, 4),
    (88, 13),(89, 1),  (89, 5),  (90, 3), (91, 3);